name,media_type,movie_tv_id,created_at,updated_at
blondie,movie,1,2022-09-03 17:01:12,2022-09-03 17:01:12
sports,movie,4,2022-09-03 17:01:12,2022-09-03 17:01:12
mountain biking,movie,4,2022-09-03 17:01:12,2022-09-03 17:01:12
underdog,movie,6,2022-09-03 17:01:12,2022-09-03 17:01:12
prison,movie,6,2022-09-03 17:01:12,2022-09-03 17:01:12
factory worker,movie,6,2022-09-03 17:01:12,2022-09-03 17:01:12
prisoner,movie,6,2022-09-03 17:01:12,2022-09-03 17:01:12
"helsinki, finland",movie,6,2022-09-03 17:01:12,2022-09-03 17:01:12
falling in love,movie,6,2022-09-03 17:01:12,2022-09-03 17:01:12
salesclerk,movie,7,2022-09-03 17:01:12,2022-09-03 17:01:12
"helsinki, finland",movie,7,2022-09-03 17:01:12,2022-09-03 17:01:12
garbage,movie,7,2022-09-03 17:01:12,2022-09-03 17:01:12
hotel,movie,8,2022-09-03 17:01:12,2022-09-03 17:01:12
new year's eve,movie,8,2022-09-03 17:01:12,2022-09-03 17:01:12
witch,movie,8,2022-09-03 17:01:12,2022-09-03 17:01:12
bet,movie,8,2022-09-03 17:01:12,2022-09-03 17:01:12
hotel room,movie,8,2022-09-03 17:01:12,2022-09-03 17:01:12
sperm,movie,8,2022-09-03 17:01:12,2022-09-03 17:01:12
anthology,movie,8,2022-09-03 17:01:12,2022-09-03 17:01:12
"los angeles, california",movie,8,2022-09-03 17:01:12,2022-09-03 17:01:12
hoodlum,movie,8,2022-09-03 17:01:12,2022-09-03 17:01:12
multiple storylines,movie,8,2022-09-03 17:01:12,2022-09-03 17:01:12
woman director,movie,8,2022-09-03 17:01:12,2022-09-03 17:01:12
"chicago, illinois",movie,9,2022-09-03 17:01:12,2022-09-03 17:01:12
drug dealer,movie,9,2022-09-03 17:01:12,2022-09-03 17:01:12
escape,movie,9,2022-09-03 17:01:12,2022-09-03 17:01:12
one night,movie,9,2022-09-03 17:01:12,2022-09-03 17:01:12
boxing,movie,9,2022-09-03 17:01:12,2022-09-03 17:01:12
megacities,movie,10,2022-09-03 17:01:12,2022-09-03 17:01:12
sailboat,movie,11,2022-09-03 17:01:12,2022-09-03 17:01:12
dying and death,movie,11,2022-09-03 17:01:12,2022-09-03 17:01:12
android,movie,12,2022-09-03 17:01:12,2022-09-03 17:01:12
galaxy,movie,12,2022-09-03 17:01:12,2022-09-03 17:01:12
hermit,movie,12,2022-09-03 17:01:12,2022-09-03 17:01:12
smuggling (contraband),movie,12,2022-09-03 17:01:12,2022-09-03 17:01:12
space,movie,12,2022-09-03 17:01:12,2022-09-03 17:01:12
rescue mission,movie,12,2022-09-03 17:01:12,2022-09-03 17:01:12
empire,movie,12,2022-09-03 17:01:12,2022-09-03 17:01:12
rebellion,movie,12,2022-09-03 17:01:12,2022-09-03 17:01:12
planet,movie,12,2022-09-03 17:01:12,2022-09-03 17:01:12
desert,movie,12,2022-09-03 17:01:12,2022-09-03 17:01:12
space opera,movie,12,2022-09-03 17:01:12,2022-09-03 17:01:12
galactic war,movie,12,2022-09-03 17:01:12,2022-09-03 17:01:12
totalitarianism,movie,12,2022-09-03 17:01:12,2022-09-03 17:01:12
speculative fiction,movie,12,2022-09-03 17:01:12,2022-09-03 17:01:12
parent child relationship,movie,13,2022-09-03 17:01:13,2022-09-03 17:01:13
"sydney, australia",movie,13,2022-09-03 17:01:13,2022-09-03 17:01:13
harbor,movie,13,2022-09-03 17:01:13,2022-09-03 17:01:13
anthropomorphism,movie,13,2022-09-03 17:01:13,2022-09-03 17:01:13
underwater,movie,13,2022-09-03 17:01:13,2022-09-03 17:01:13
shark,movie,13,2022-09-03 17:01:13,2022-09-03 17:01:13
pelican,movie,13,2022-09-03 17:01:13,2022-09-03 17:01:13
fish tank,movie,13,2022-09-03 17:01:13,2022-09-03 17:01:13
great barrier reef,movie,13,2022-09-03 17:01:13,2022-09-03 17:01:13
sea turtle,movie,13,2022-09-03 17:01:13,2022-09-03 17:01:13
missing child,movie,13,2022-09-03 17:01:13,2022-09-03 17:01:13
aftercreditsstinger,movie,13,2022-09-03 17:01:13,2022-09-03 17:01:13
duringcreditsstinger,movie,13,2022-09-03 17:01:13,2022-09-03 17:01:13
short term memory loss,movie,13,2022-09-03 17:01:13,2022-09-03 17:01:13
clownfish,movie,13,2022-09-03 17:01:13,2022-09-03 17:01:13
father son reunion,movie,13,2022-09-03 17:01:13,2022-09-03 17:01:13
protective father,movie,13,2022-09-03 17:01:13,2022-09-03 17:01:13
